﻿<?xml version="1.0" encoding="utf-8" ?>
<Groups> 
	<Group GroupName="UserProfile" GroupImg="icon-user">
    <Item>
      <title>UserProfile List</title>
      <url>/UserProfiles/Default.aspx</url>
      <Role>Admin</Role>
    </Item>
		<Item>
			<title>Add UserProfile</title>
			<url>../UserProfiles/NewUserProfile.aspx</url>
			<Role>Admin</Role>
		</Item>   
	</Group>
  <Group GroupName="Home" GroupImg="icon-home">
    <Item>
      <title>Home List</title>
      <url>/UserProfiles/Default.aspx</url>
      <Role>Admin</Role>
    </Item>
		<Item>
			<title>Add Home</title>
			<url>../UserProfiles/NewUserProfile.aspx</url>
			<Role>Admin</Role>
		</Item>   
	</Group>
  <Group GroupName="Search" GroupImg="icon-search">
    <Item>
      <title>Team List</title>
      <url>/UserProfiles/Default.aspx</url>
      <Role>Admin</Role>
    </Item>
  <Item>
			<title>Add Team</title>
			<url>../UserProfiles/NewUserProfile.aspx</url>
			<Role>Admin</Role>
		</Item>  
	</Group>
<Group GroupName="News" GroupImg="icon-comment">
    <Item>
      <title>News List</title>
      <url>/Newses/Default.aspx</url>
      <Role>Admin</Role>
    </Item>
		<Item>
			<title>Add News</title>
			<url>../Newses/NewNews.aspx</url>
			<Role>Admin</Role>
		</Item>   
	</Group>
  <Group GroupName="NewsCategory" GroupImg="icon-comment">
    <Item>
      <title>News Category List</title>
      <url>/NewsCategories/Default.aspx</url>
      <Role>Admin</Role>
    </Item>
		<Item>
			<title>Add News Category</title>
			<url>../NewsCategories/NewNewsCategory.aspx</url>
			<Role>Admin</Role>
		</Item>   
	</Group>
  <Group GroupName="NewsType" GroupImg="icon-comment">
    <Item>
      <title>News Type List</title>
      <url>/NewsTypes/Default.aspx</url>
      <Role>Admin</Role>
    </Item>
		<Item>
			<title>Add News Type</title>
			<url>../NewsTypes/NewNewsType.aspx</url>
			<Role>Admin</Role>
		</Item>   
	</Group>
<Group GroupName="Matches" GroupImg="icon-th">
    <Item>
      <title>Matches List</title>
      <url>/Newses/Default.aspx</url>
      <Role>Admin</Role>
    </Item>
		<Item>
			<title>Add Matches</title>
			<url>../UserProfiles/NewUserProfile.aspx</url>
			<Role>Admin</Role>
		</Item>   
	</Group>
<Group GroupName="Leagues" GroupImg="icon-th-large">
    <Item>
      <title>Leagues List</title>
      <url>/Leagues/Default.aspx</url>
      <Role>Admin</Role>
    </Item>
		<Item>
			<title>Add Leagues</title>
			<url>../UserProfiles/NewUserProfile.aspx</url>
			<Role>Admin</Role>
		</Item>   
	</Group>
<Group GroupName="Videos" GroupImg="icon-facetime-video">
    <Item>
      <title>Videos List</title>
      <url>/Leagues/Default.aspx</url>
      <Role>Admin</Role>
    </Item>
		<Item>
			<title>Add Videos</title>
			<url>../UserProfiles/NewUserProfile.aspx</url>
			<Role>Admin</Role>
		</Item>   
	</Group>
<Group GroupName="Forecast" GroupImg="icon-thumbs-up">
    <Item>
      <title>Forecast List</title>
      <url>/Leagues/Default.aspx</url>
      <Role>Admin</Role>
    </Item>
		<Item>
			<title>Add Forecast</title>
			<url>../UserProfiles/NewUserProfile.aspx</url>
			<Role>Admin</Role>
		</Item>   
	</Group>
<Group GroupName="Predictions" GroupImg="icon-gift">
    <Item>
      <title>Predictions List</title>
      <url>/Leagues/Default.aspx</url>
      <Role>Admin</Role>
    </Item>
		<Item>
			<title>Add Predictions</title>
			<url>../UserProfiles/NewUserProfile.aspx</url>
			<Role>Admin</Role>
		</Item>   
	</Group>
<Group GroupName="Advertisment" GroupImg="icon-heart">
    <Item>
      <title>Advertisment List</title>
      <url>/Advertisments/Default.aspx</url>
      <Role>Admin</Role>
    </Item>
		<Item>
			<title>Add Advertisment</title>
			<url>../Advertisments/NewAdvertisment.aspx</url>
			<Role>Admin</Role>
		</Item>   
	</Group>
  
    <Group GroupName="Predictions" GroupImg="icon-gift">
    <Item>
      <title>Predictions List</title>
      <url>/Leagues/Default.aspx</url>
      <Role>Admin</Role>
    </Item>
		<Item>
			<title>Add Predictions</title>
			<url>../UserProfiles/NewUserProfile.aspx</url>
			<Role>Admin</Role>
		</Item>   
	</Group>
    
<Group GroupName="Profile" GroupImg="icon-user">
    <Item>
      <title>Profile List</title>
      <url>/Leagues/Default.aspx</url>
      <Role>Admin</Role>
    </Item>
		<Item>
			<title>Add Profile</title>
			<url>../UserProfiles/NewUserProfile.aspx</url>
			<Role>Admin</Role>
		</Item>   
	</Group>
<Group GroupName="Setting" GroupImg="icon-cog">
    <Item>
      <title>Setting List</title>
      <url>/Leagues/Default.aspx</url>
      <Role>Admin</Role>
    </Item>
</Group>
</Groups>
